YC link,Name,Location,Discription,Batch,Type,Industry,Website URL
https://www.ycombinator.com/companies/eos-ai,Eos AI,SF,The autonomous operating system for healthcare,Winter 2026,Healthcare,,https://www.helloeos.ai/
https://www.ycombinator.com/companies/envariant,Envariant,SF,Interpretability and reasoning infra for foundation models.,Winter 2026,B2B,,https://envariant.ai/
https://www.ycombinator.com/companies/sila,Sila,,Agent & Team Communication Workspace,Winter 2026,B2B,Productivity,https://silahq.com/
https://www.ycombinator.com/companies/cofia,Cofia,,AI automations that write themselves,Winter 2026,B2B,Productivity,https://cofia.ai/
https://www.ycombinator.com/companies/mango-medical-inc,Mango Medical,SF,We simulate orthopedic surgeries based on CT scans,Winter 2026,Healthcare,Healthcare IT,https://mangomedical.io/
https://www.ycombinator.com/companies/autostep,Autostep,SF,Uncover repetitive tasks and automate them,Spring 2025,B2B,Operations,https://autostep.ai/
https://www.ycombinator.com/companies/tepali,Tepali,,AI-native operating system for medspas,Winter 2026,B2B,,https://tepali.com/
https://www.ycombinator.com/companies/generalastro,General Astronautics,SF,The Space Robotics Company,Winter 2026,Industrials,Manufacturing and Robotics,https://generalastro.com/
https://www.ycombinator.com/companies/payna,Payna,,Crypto/fintech compliance simplified.,Winter 2026,B2B,Finance and Accounting,https://
https://www.ycombinator.com/companies/aemon,Aemon,SF,The AI R&D Engineer,Winter 2026,B2B,,https://aemon.ai/
https://www.ycombinator.com/companies/shortkit,shortkit,,We make enterprise-scale short-form video really simple.,Winter 2026,B2B,"Engineering, Product and Design",https://www.shortkit.dev/
https://www.ycombinator.com/companies/doomersion,Doomersion,SF,Doomscroll to learn languages,Winter 2026,Consumer,,https://doomersion.com/
https://www.ycombinator.com/companies/carson,Carson,SF,"more capable than Cowork, more secure than OpenClaw",Winter 2026,B2B,,https://usecarson.com/
https://www.ycombinator.com/companies/qomplement,qomplement,SF,AI Agents for Document Filling,Spring 2026,B2B,,https://qomplement.com/
https://www.ycombinator.com/companies/arga-labs,Arga Labs,SF,The validation framework for AI agents,Spring 2026,B2B,,https://www.argalabs.com/
https://www.ycombinator.com/companies/one-robot,One Robot,SF,World models for VLA evals and training.,Winter 2026,Industrials,Manufacturing and Robotics,https://www.onerobot.io/
https://www.ycombinator.com/companies/cajal-technologies,Cajal,SF,Scaling formal verification to accelerate scientific discovery,Winter 2026,B2B,,https://caj.al/
https://www.ycombinator.com/companies/revion,Revion,,Intelligence for Automotive Operations,Winter 2026,B2B,,https://revion.inc/
https://www.ycombinator.com/companies/terranox-ai,Terranox AI,SF,AI-powered uranium exploration,Winter 2026,Industrials,Energy,https://terranox.ai/
https://www.ycombinator.com/companies/docura-health,Docura Health,SF,AI-Native Medico-Legal Firm,Winter 2026,Healthcare,,https://docurahealth.com/
https://www.ycombinator.com/companies/confluence-labs,Confluence Labs,SF,We're an AI research lab focused on learning efficiency,Winter 2026,B2B,,https://confluence.sh/
https://www.ycombinator.com/companies/mochacare,MochaCare,SF,AI-Supercharged Humans for Home Care Agency Growth,Winter 2026,B2B,Operations,https://www.mochacare.com/
https://www.ycombinator.com/companies/congruent,Congruent,,We build radars for end-to-end autonomy,Winter 2026,Industrials,,https://congruent.io/
https://www.ycombinator.com/companies/ashr,Ashr,SF,Mimic Users in Your Production Environment to Catch Agent Fails,Winter 2026,B2B,Human Resources,https://ashr.io/
https://www.ycombinator.com/companies/vector-legal,Vector Legal,SF,AI Law Firm + Legal Tech Platform for Startups,Winter 2026,B2B,Legal,https://vectorlegal.com/
https://www.ycombinator.com/companies/end-close,End Close,SF,AI powered reconciliation for high-volume payments companies,Winter 2026,B2B,Finance and Accounting,https://endclose.com/
https://www.ycombinator.com/companies/proximitty,Proximitty,SF,Autonomous loan servicing and collections,Winter 2026,Fintech,Credit and Lending,https://proximitty.ai/
https://www.ycombinator.com/companies/brownie,IncidentFox,SF,"AI SRE agent that triages, coordinates, and fixes production incidents",Winter 2026,B2B,Infrastructure,https://incidentfox.ai/
https://www.ycombinator.com/companies/wideframe,Wideframe,SF,AI agent for video work outside the NLE,Winter 2026,B2B,,https://wideframe.com/
https://www.ycombinator.com/companies/celltype,CellType,NYC,The agentic drug company. We simulate human biology.,Winter 2026,Healthcare,Drug Discovery and Delivery,https://www.celltype.com/
https://www.ycombinator.com/companies/polymorph,Polymorph,,Personalized notifs & attribution for consumer and self-serve apps,Winter 2026,B2B,,https://usepolymorph.com/
https://www.ycombinator.com/companies/sponge,Sponge,,Financial infrastructure for the agent economy,Winter 2026,B2B,,https://paysponge.com/
https://www.ycombinator.com/companies/return-signals,Return Signals,SF,AI luxury concierge for E-commerce brands,Winter 2026,B2B,Retail,https://www.returnsignals.com/
https://www.ycombinator.com/companies/unifold,Unifold,NYC,Multi-chain deposit and payment infrastructure,Winter 2026,Fintech,Payments,https://unifold.io/
https://www.ycombinator.com/companies/asimov,Asimov,SF,Internet-scale marketplace for robot training data,Winter 2026,B2B,Supply Chain and Logistics,https://tryasimov.ai/
https://www.ycombinator.com/companies/canary,Canary,SF,The first AI QA engineer that understands your codebase,Winter 2026,B2B,"Engineering, Product and Design",https://www.runcanary.ai/
https://www.ycombinator.com/companies/usereframe,Reframe,SF,AI agents to automate hardware procurement,Winter 2026,B2B,Marketing,http://usereframe.ai/
https://www.ycombinator.com/companies/remy-ai,Remy AI,SF,Automating dexterous tasks in warehouses,Winter 2026,Industrials,Manufacturing and Robotics,https://www.tryremy.ai/
https://www.ycombinator.com/companies/zatanna,Zatanna,SF,Adaptive Healthcare Admin Agents,Winter 2026,B2B,Office Management,https://www.zatanna.ai/
https://www.ycombinator.com/companies/terminal-use,Terminal Use,SF,Vercel for background agents,Winter 2026,B2B,Infrastructure,https://www.terminaluse.com/
https://www.ycombinator.com/companies/pirislabs,Piris Labs,SF,Inference at Light Speed,Winter 2026,B2B,Infrastructure,https://pirislabs.io/
https://www.ycombinator.com/companies/trycardinal-ai,Cardinal,,AI Platform for Precision Outbound,Winter 2026,B2B,,https://trycardinal.ai/
https://www.ycombinator.com/companies/cascade,Cascade,SF,Making Autonomous Intelligence Safe & Reliable,Winter 2026,B2B,Infrastructure,https://runcascade.com/
https://www.ycombinator.com/companies/overshoot,Overshoot,SF,Enable developers to build and run AI vision applications,Winter 2026,B2B,,https://overshoot.ai/
https://www.ycombinator.com/companies/crosslayer-labs,Crosslayer Labs,SF,"Protect, monitor and defend your Internet presence",Winter 2026,B2B,Security,https://www.crosslayerlabs.com/
https://www.ycombinator.com/companies/emdash,Emdash,SF,Open-source Agentic Development Environment,Winter 2026,B2B,Productivity,https://emdash.sh/
https://www.ycombinator.com/companies/origami-robotics,Origami Robotics,"Millbrae, CA, USA",Manipulate Anything Robot,Winter 2026,Industrials,,https://www.origami-robotics.com/
https://www.ycombinator.com/companies/wayco,Wayco,,AI operator for legal case referrals,Winter 2026,B2B,Legal,https://wayco.ai/
https://www.ycombinator.com/companies/synthetic-sciences,Synthetic Sciences,,AI co-scientists that run research end-to-end,Winter 2026,B2B,"Engineering, Product and Design",https://syntheticsciences.ai/
https://www.ycombinator.com/companies/maven,Maven,SF,Payments for Voice Agents,Winter 2026,B2B,Infrastructure,https://trymaven.com/
https://www.ycombinator.com/companies/beacon-health,Beacon Health,NYC,AI Agents for Primary Care,Winter 2026,Healthcare,,https://www.beaconhealth.ai/
https://www.ycombinator.com/companies/robby,Robby,SF,Agentic revenue growth for home service businesses.,Winter 2026,B2B,Productivity,https://tryrobby.com/
https://www.ycombinator.com/companies/unisson,Unisson,SF,The AI product specialist for customer-facing teams,Winter 2026,B2B,Productivity,https://www.unisson.ai/
https://www.ycombinator.com/companies/salus,Salus,SF,Guardrails to validate your agent's actions before they execute,Winter 2026,B2B,Infrastructure,https://www.usesalus.ai/
https://www.ycombinator.com/companies/beesafe-ai,BeeSafe AI,SF,Stopping Scams Before They Reach Your Customers,Winter 2026,B2B,Security,https://beesafe.ai/
https://www.ycombinator.com/companies/autumn-ai,Autumn AI,SF,Stalk your prospects at scale.,Winter 2026,B2B,Infrastructure,https://autumnai.com/
https://www.ycombinator.com/companies/lucent,Lucent,SF,AI that automatically watches your session replays to detect bugs.,Winter 2026,B2B,,https://lucenthq.com/
https://www.ycombinator.com/companies/zerosettle,ZeroSettle,,Avoid the 30% App Store Tax by Supporting Direct Billing in your App,Winter 2026,Fintech,Payments,https://zerosettle.io/
https://www.ycombinator.com/companies/resonate,Resonate,,The first AI-native messaging platform.,Winter 2026,Consumer,,https://resonate.audio/
https://www.ycombinator.com/companies/maywood,Maywood,NYC,AI for M&A,Winter 2026,Fintech,Banking and Exchange,https://maywoodai.com/
https://www.ycombinator.com/companies/ditto-biosciences,Ditto Biosciences,SF,Evolutionary therapies for autoimmune disease,Winter 2026,Healthcare,Drug Discovery and Delivery,https://www.dittobio.com/
https://www.ycombinator.com/companies/sitefire,sitefire,SF,Marketing suite for the agentic web,Winter 2026,B2B,Marketing,https://sitefire.ai/
https://www.ycombinator.com/companies/origin-bio,Origin,SF,AI for safer cell & gene therapies,Winter 2026,Healthcare,Drug Discovery and Delivery,https://origin.bio/
https://www.ycombinator.com/companies/vela,Vela,SF,The AI Scheduling Assistant that truly knows you.,Winter 2026,B2B,,https://tryvela.ai/ps
https://www.ycombinator.com/companies/condor-energy,Condor Energy,,"Energy OS enabling reliable, cheap and sustainable electricity supply.",Winter 2026,Industrials,Energy,https://www.condor.energy/
https://www.ycombinator.com/companies/samora-ai,Samora AI,SF,Multilingual voice agents with safe human escalation when needed,Winter 2026,B2B,,https://samora.ai/
https://www.ycombinator.com/companies/sentrial,Sentrial,SF,Production Monitoring for AI Products,Winter 2026,B2B,"Engineering, Product and Design",https://sentrial.com/
https://www.ycombinator.com/companies/beyond-reach-labs,Beyond Reach Labs,,Space solar arrays that grow to the size of a football field in orbit,Winter 2026,Industrials,Aviation and Space,https://www.beyondreachlabs.com/
https://www.ycombinator.com/companies/bits-2,Bits,SF,Fast and Safe OpenClaw on the cloud,Winter 2026,B2B,Infrastructure,https://usebits.com/
https://www.ycombinator.com/companies/rev1,REV1,SF,Shortening hardware design cycles by automating post-CAD work,Winter 2026,B2B,"Engineering, Product and Design",https://rev1.so/
https://www.ycombinator.com/companies/fort,Fort,SF,Strength Tracking Wearable,Winter 2026,Consumer,Consumer Electronics,https://fort.cx/
https://www.ycombinator.com/companies/stilta,Stilta,SF,Cursor for patent attorneys,Winter 2026,B2B,,https://stilta.com/
https://www.ycombinator.com/companies/general-legal,General Legal,,The AI native law firm for growth stage companies,Winter 2026,B2B,Legal,https://general.legal/
https://www.ycombinator.com/companies/tsenta,Tsenta,,"AI-Native, On-Device Job Automation",Summer 2026,Consumer,Job and Career Services,https://tsenta.com/
https://www.ycombinator.com/companies/fullseam,FullSeam,,FullSeam is an AI employee for finance and accounting teams.,Winter 2026,B2B,Finance and Accounting,https://fullseam.com/
https://www.ycombinator.com/companies/ruma-care,Ruma Care,SF,We help clinics get patients on biologics faster,Winter 2026,Healthcare,,https://rumacare.com/
https://www.ycombinator.com/companies/rhizome-ai,Rhizome AI,"Jersey City, NJ, USA",Always know what the FDA thinks,Winter 2026,B2B,,https://rhizomeai.com/
https://www.ycombinator.com/companies/kyten-technologies,Kyten Technologies,"Seattle, WA, USA",Custom aerospace-grade battery pack factory,Winter 2026,Industrials,Manufacturing and Robotics,https://kytentech.com/
https://www.ycombinator.com/companies/oximy,Oximy,SF,The system of record for enterprise AI usage.,Winter 2026,B2B,Infrastructure,https://oximy.com/
https://www.ycombinator.com/companies/orthogonal,Orthogonal,SF,Agentic Payments for APIs,Winter 2026,B2B,Infrastructure,https://orthogonal.com/
https://www.ycombinator.com/companies/fenrock-ai-yc-w26,Fenrock AI (YC W26),SF,The most powerful AI agents for Financial Crime Compliance,Winter 2026,Fintech,,https://fenrock.ai/
https://www.ycombinator.com/companies/strand-ai,Strand AI,SF,Curated multimodal datasets for biology AI,Winter 2026,Healthcare,Drug Discovery and Delivery,https://strandai.com/
https://www.ycombinator.com/companies/catchback-cards,CatchBack Cards,SF,a platform for maximizing the thrill of collecting trading cards,Winter 2026,Consumer,Gaming,https://catchbackcards.com/
https://www.ycombinator.com/companies/librar-labs,Librar Labs,,The next generation of the intelligence layer for the physical world,Winter 2026,B2B,,https://www.librarlabs.com/
https://www.ycombinator.com/companies/inviscid-ai,Inviscid AI,SF,Real-time Building Simulations to Optimize Energy and Operational�,Winter 2026,B2B,"Engineering, Product and Design",https://inviscidai.com/
https://www.ycombinator.com/companies/pollinate,Pollinate,SF,AI Agents for the supply chain.,Winter 2026,B2B,Supply Chain and Logistics,https://www.pollinate.tech/
https://www.ycombinator.com/companies/booko,Booko,SF,Dynamic pricing for businesses that sell time slots,Winter 2026,B2B,,https://bookoapp.com/
https://www.ycombinator.com/companies/mendral,Mendral,SF,AI DevOps Engineer,Winter 2026,B2B,,https://mendral.com/
https://www.ycombinator.com/companies/moda,Moda,SF,The monitoring & analytics layer your AI agents need.,Winter 2026,B2B,Infrastructure,https://usemoda.ai/
https://www.ycombinator.com/companies/axis-2,Axis,,An AI Trading System for Commodities Markets,Winter 2026,Fintech,,https://axisanalysis.com/
https://www.ycombinator.com/companies/robodock,RoboDock,SF,Robots that run autonomous depots for autonomous fleets.,Winter 2026,Industrials,Energy,https://www.robodock.tech/
https://www.ycombinator.com/companies/aurorin-cad,Aurorin CAD,SF,We help hardware companies ship faster,Winter 2026,B2B,"Engineering, Product and Design",https://aurorincad.com/
https://www.ycombinator.com/companies/mousecat,MouseCat,NYC,The AI Toolkit for Risk Teams,Winter 2026,B2B,,https://www.mousecat.ai/
https://www.ycombinator.com/companies/arc-prize-foundation,ARC Prize Foundation,Remote,AI benchmarks that measure general intelligence and inspire new ideas,Winter 2026,Industrials,,https://arcprize.org/
https://www.ycombinator.com/companies/polymath,Polymath,SF,Automating RL environment generation,Winter 2026,B2B,,https://polymathlabs.ai/
https://www.ycombinator.com/companies/codewisp,CodeWisp,SF,Anyone can create real games with AI,Winter 2026,Consumer,Gaming,https://codewisp.ai/
https://www.ycombinator.com/companies/getbalance,Balance,,Full-Stack AI Accounting,Winter 2026,B2B,Finance and Accounting,https://getbalance.ai/
https://www.ycombinator.com/companies/grade,Grade,SF,Payroll for performance,Winter 2026,Fintech,Payments,https://usegrade.com/
https://www.ycombinator.com/companies/hex-security,Hex Security,SF,Agentic Offensive Security at Scale,Winter 2026,B2B,Security,https://hex.co/
https://www.ycombinator.com/companies/daivin,DAIVIN!,SF,"Tankless Dive Gear - Breath Autonomy at Sea, Land & Space",Winter 2026,Industrials,Defense,https://www.daivin.tech/
https://www.ycombinator.com/companies/lance,Lance,SF,Your Hotel's Best Employees,Winter 2026,B2B,,https://www.lance.live/
https://www.ycombinator.com/companies/zymbly,Zymbly,,Automates admin for aircraft technicians,Winter 2026,B2B,,https://www.zymbly.com/
https://www.ycombinator.com/companies/dronetector,DroneTector,,Technology to detect and track hostile drones,Winter 2026,Industrials,Drones,https://www.dronetector.com/
https://www.ycombinator.com/companies/crow,Crow,SF,Let users control your app through chat,Winter 2026,B2B,,https://www.usecrow.ai/
https://www.ycombinator.com/companies/compresr,Compresr,SF,LLM-native context compression,Winter 2026,B2B,Infrastructure,https://compresr.ai/
https://www.ycombinator.com/companies/forum,Forum,SF,The first regulated exchange to trade on attention.,Winter 2026,Fintech,,https://www.forum.market/
https://www.ycombinator.com/companies/jinba,Jinba,,Automate any enterprise workflow through chat,Winter 2026,B2B,,https://jinba.io/
https://www.ycombinator.com/companies/voxel-energy,Voxel Energy,,Energy independent data centers with solar and repurposed batteries.,Winter 2026,Industrials,Energy,https://voxelenergy.com/
https://www.ycombinator.com/companies/perfectly,Perfectly,SF,The AI-native Recruiting Operating System,Winter 2026,B2B,,https://www.perfectly.so/
https://www.ycombinator.com/companies/clam,Clam,SF,Enterprise-grade security for broad-access AI Agents like OpenClaw,Winter 2026,B2B,,https://tryclam.com/
https://www.ycombinator.com/companies/byteport,Byteport,SF,Global upload acceleration for 1GB-100TB files.,Winter 2026,B2B,,https://byteport.io/
https://www.ycombinator.com/companies/martini,Martini,SF,Collaborative AI-native filmmaking for professionals,Winter 2026,B2B,"Engineering, Product and Design",https://martini.film/
https://www.ycombinator.com/companies/sparkles,Sparkles,SF,Make everyone on your team an engineer,Winter 2026,B2B,"Engineering, Product and Design",https://sparkles.dev/
https://www.ycombinator.com/companies/grazemate,GrazeMate,SF,Robot Cowboys that Herd Cattle with AI Drones,Winter 2026,Industrials,Agriculture,https://grazemate.com/
https://www.ycombinator.com/companies/shofo,Shofo,SF,Common Crawl for Video,Winter 2026,B2B,Infrastructure,https://shofo.ai/
https://www.ycombinator.com/companies/cumulus-labs,Cumulus Labs,SF,Performant serverless GPU inference,Winter 2026,B2B,Infrastructure,https://cumuluslabs.io/
https://www.ycombinator.com/companies/squid,Squid,,AI-powered grid planning in your browser ?? (squid.energy),Winter 2026,Industrials,Energy,https://squid.energy/
https://www.ycombinator.com/companies/seeing-systems,Seeing Systems,,AI Drone Systems for Defence,Winter 2026,Industrials,Defense,https://www.seeing-systems.com/
https://www.ycombinator.com/companies/q2q,Q2Q,SF,We help private equity teams find acquisition targets faster,Winter 2026,B2B,Finance and Accounting,https://www.tryq2q.com/
https://www.ycombinator.com/companies/ritivel,Ritivel,SF,AI-native platform for regulatory document submission,Winter 2026,Healthcare,Healthcare IT,https://www.ritivel.com/
https://www.ycombinator.com/companies/scout-out,Scout Out,SF,AI generated proposals for residential construction projects,Winter 2026,Real Estate and Construction,,https://scoutout.ai/
https://www.ycombinator.com/companies/opalite-health,Opalite Health,"Palo Alto, CA, USA",Solving language barriers in healthcare,Winter 2026,Healthcare,,http://opalitehealth.com/
https://www.ycombinator.com/companies/10x-science,10x Science,SF,The AI-native platform for next-generation protein characterization.,Winter 2026,B2B,,https://10xscience.com/
https://www.ycombinator.com/companies/ishikilabs,Fern (Formerly Ishiki Labs),,Realtime AI starting with sales,Winter 2026,B2B,,https://www.ishikilabs.ai/
https://www.ycombinator.com/companies/copperlane,Copperlane,,Agents for Mortgage Origination,Winter 2026,B2B,Finance and Accounting,https://www.copperlane.ai/
https://www.ycombinator.com/companies/verdex,Verdex,SF,Satellite Imagery Verification for Insurance,Winter 2026,Fintech,Insurance,https://www.verdexai.com/
https://www.ycombinator.com/companies/cardboard,Cardboard,SF,Agentic video editor,Winter 2026,B2B,,https://usecardboard.com/
https://www.ycombinator.com/companies/fed10,Fed10,SF,AI agents that replace your policy consultants,Winter 2026,B2B,Legal,https://www.fed10.ai/
https://www.ycombinator.com/companies/chamber,Chamber,SF,Autopiloting your AI infrastructure,Winter 2026,B2B,Infrastructure,https://www.usechamber.io/
https://www.ycombinator.com/companies/arcline,Arcline,,Startup legal work handled by elite lawyers & same-day turnaround,Winter 2026,B2B,Legal,https://www.arcline-ai.com/
https://www.ycombinator.com/companies/spotpay,SpotPay,SF,Cross-border Personal Finance on Stablecoins,Winter 2026,Fintech,Consumer Finance,https://www.spotpay.ai/
https://www.ycombinator.com/companies/laurence,Laurence,,RL for performance marketing,Winter 2026,B2B,Analytics,https://trylaurence.com/
https://www.ycombinator.com/companies/sequence-markets,Sequence Markets,NYC,Smarter and faster trade execution for digital assets,Winter 2026,Fintech,,https://sequencemkts.com/
https://www.ycombinator.com/companies/tensol,Tensol,SF,"AI Employees for your Business, Powered by OpenClaw",Winter 2026,B2B,Infrastructure,https://www.tensol.ai/
https://www.ycombinator.com/companies/galactic-resource-utilization-space-inc-gru-space,"Galactic Resource Utilization Space, Inc. (GRU Space)",SF,Building the First Hotel on the Moon,Winter 2026,Industrials,Aviation and Space,https://gru.space/
https://www.ycombinator.com/companies/kita,Kita,SF,Turn documents into signals for lenders,Winter 2026,Fintech,,https://www.usekita.com/
https://www.ycombinator.com/companies/corelayer,Corelayer,SF,AI on-call engineer that debugs using data,Winter 2026,B2B,"Engineering, Product and Design",https://www.corelayer.com/
https://www.ycombinator.com/companies/ramain,RamAIn,SF,Super fast computer-use agents to build AI employees.,Winter 2026,B2B,,https://ramain.ai/
https://www.ycombinator.com/companies/visibl-semiconductors,Visibl Semiconductors,SF,AI agents for chip design.,Winter 2026,B2B,"Engineering, Product and Design",https://visiblsemi.com/
https://www.ycombinator.com/companies/sidekit,SideKit,SF,One package to take your mobile app to production.,Winter 2026,B2B,Analytics,https://approxima.ai/
https://www.ycombinator.com/companies/protent,Protent,SF,Protent turns passive surveillance into proactive intelligence.,Winter 2026,B2B,Security,https://protent.ai/
https://www.ycombinator.com/companies/human-archive,Human Archive,SF,Multimodal data provider for robotics learning,Winter 2026,Industrials,Manufacturing and Robotics,https://www.humanarchive.ai/
https://www.ycombinator.com/companies/veriad,Veriad,SF,AI compliance officers,Winter 2026,B2B,,https://veriad.com/
https://www.ycombinator.com/companies/runanywhere,RunAnywhere,,The default way of running On-Device AI at Scale,Winter 2026,B2B,Infrastructure,https://www.runanywhere.ai/
https://www.ycombinator.com/companies/traverse,Traverse,SF,Data research company building RL envs for non-deterministic work,Winter 2026,B2B,,https://www.traverse.so/
https://www.ycombinator.com/companies/arzule,Arzule,SF,"AI-native revenue engine, starting with B2B partnerships",Winter 2026,B2B,,https://www.arzule.com/
https://www.ycombinator.com/companies/burt,Burt,SF,AI teammates for logistics,Winter 2026,B2B,Supply Chain and Logistics,https://www.trainburt.com/
https://www.ycombinator.com/companies/panta,Panta,SF,Commercial insurance brokerage run by AI agents. Scales like software.,Winter 2026,Fintech,Insurance,https://pantainsure.com/
https://www.ycombinator.com/companies/lexius,Lexius,SF,AI Security Guards,Winter 2026,B2B,Security,https://www.lexius.ai/
https://www.ycombinator.com/companies/pax-historia,Pax Historia,SF,The first AI-powered grand strategy platform,Winter 2026,Consumer,Gaming,https://www.paxhistoria.co/
https://www.ycombinator.com/companies/bujo,Bujo AI,SF,AI voice & chat agents for sales and customer support at large B2C�,Spring 2026,B2B,,https://www.getbujo.com/
https://www.ycombinator.com/companies/octapulse,OctaPulse,,Robotics and computer vision to automate fish farming from hatchery�,Winter 2026,Industrials,Climate,https://www.tryoctapulse.com/
https://www.ycombinator.com/companies/haladir,Haladir,SF,Building Operational Superintelligence.,Winter 2026,B2B,Infrastructure,https://www.haladir.com/
https://www.ycombinator.com/companies/constellation-space,Constellation Space,,AI for space mission assurance.,Winter 2026,B2B,Analytics,https://constellationspace.ai/
https://www.ycombinator.com/companies/voltair,Voltair,SF,Self Charging Drones,Winter 2026,Industrials,Drones,https://voltairlabs.com/
https://www.ycombinator.com/companies/mantis-biotechnology,Mantis Biotechnology,NYC,Physics-Enhanced Datasets for Low-Resource Machine Learning,Winter 2026,B2B,Infrastructure,https://mantisbiotech.com/
https://www.ycombinator.com/companies/axionorbital-space,AxionOrbital Space,SF,Foundation models for 24/7 Earth Observation,Winter 2026,Industrials,Aviation and Space,https://axionorbital.space/
https://www.ycombinator.com/companies/travo,Travo,SF,We use AI to collect and analyze real estate data,Winter 2026,Real Estate and Construction,,https://www.travoai.com/
https://www.ycombinator.com/companies/prana-health,Prana,SF,An AI primary care doctor in your pocket,Winter 2026,Healthcare,Consumer Health and Wellness,https://pranadoc.com/
https://www.ycombinator.com/companies/ressl-ai,Ressl AI,SF,AI Transformation for the Trades,Winter 2026,B2B,,https://ressl.ai/
https://www.ycombinator.com/companies/oxus,Oxus,SF,AI-powered automation for internal audit workflows,Winter 2026,B2B,,https://oxus-ai.com/
https://www.ycombinator.com/companies/legalos,LegalOS,SF,The AI-powered law firm for complex work visas,Winter 2026,B2B,Legal,https://www.legalos.ai/
https://www.ycombinator.com/companies/sonarly,Sonarly,SF,AI engineer to triage and fix your production alerts,Winter 2026,B2B,"Engineering, Product and Design",https://sonarly.com/
https://www.ycombinator.com/companies/caretta,Caretta,SF,Realtime AI for Sales Calls,Winter 2026,B2B,Sales,https://www.caretta.so/
https://www.ycombinator.com/companies/1code-21stdev,1code (21st.dev),SF,Orchestration layer for coding agents,Winter 2026,B2B,"Engineering, Product and Design",https://21st.dev/agents
https://www.ycombinator.com/companies/autositu,AutoSitu,,AI-native workspace for municipal development review,Winter 2026,B2B,Legal,https://autositu.com/
https://www.ycombinator.com/companies/skillsync,Skillsync,SF,Find anyone in open source,Winter 2026,B2B,Human Resources,https://skillsync.wiki/
https://www.ycombinator.com/companies/chasi,Chasi,NYC,AI Revenue Engine for the Equipment Industry,Winter 2026,B2B,,https://chasi.co/
https://www.ycombinator.com/companies/o11,o11,SF,The Most Integrated M365 AI Suite,Winter 2026,B2B,Finance and Accounting,https://o11.ai/
https://www.ycombinator.com/companies/pocket,Pocket,,The world's best AI note-taking device and app,Winter 2026,Consumer,,https://heypocket.com/now
https://www.ycombinator.com/companies/bubble-lab,Bubble Lab,,Your ops super-employee in Slack,Winter 2026,B2B,"Engineering, Product and Design",https://bubblelab.ai/
https://www.ycombinator.com/companies/autonomous-technologies-group,Autonomous Technologies Group,NYC,Superintelligent financial advisor,Fall 2025,Fintech,,https://becomeautonomous.com/
https://www.ycombinator.com/companies/didit,Didit,SF,All-in-one identity platform for fast human verification.,Winter 2026,B2B,Infrastructure,https://didit.me/
https://www.ycombinator.com/companies/patientdeskai,Patientdesk.ai,,AI voice agent for patient calls & admin workflows,Winter 2026,Healthcare,Healthcare IT,https://patientdesk.ai/
https://www.ycombinator.com/companies/fifth-door,Fifth Door,SF,Create and play games with AI,Fall 2025,Consumer,Gaming,https://fifthdoor.com/
https://www.ycombinator.com/companies/avoice,Avoice,SF,The AI Workspace For Architects,Winter 2026,B2B,,https://avoice.co/
https://www.ycombinator.com/companies/luel,Luel,SF,Turning everyday words and actions into usable training data.,Winter 2026,B2B,Infrastructure,https://luel.ai/
https://www.ycombinator.com/companies/valgo,Valgo,"San Mateo, CA, USA",Algorithmic safety validation tools for autonomy.,Winter 2026,B2B,"Engineering, Product and Design",https://valgo.dev/
https://www.ycombinator.com/companies/hlabs,Hlabs,"Austin, TX, USA",Making an industrial supply chain for building robots in the USA,Winter 2026,Industrials,,https://www.hlaboratories.com/
https://www.ycombinator.com/companies/goldbridge,Goldbridge,,Ramp for Real Estate,Fall 2025,Real Estate and Construction,Housing and Real Estate,https://www.goldbridgebanking.com/
https://www.ycombinator.com/companies/corvera,Corvera,SF,AI agents for CPG brands,Winter 2026,B2B,Operations,https://www.corvera.ai/
https://www.ycombinator.com/companies/null-labs,Null Labs,SF,End-to-end Simulation for Defense Autonomy,Fall 2025,Industrials,,https://n0labs.com/
https://www.ycombinator.com/companies/tensr,Tensr,SF,Fully autonomous robotic factories,Fall 2025,Industrials,Manufacturing and Robotics,https://tensr.com/
https://www.ycombinator.com/companies/atlasgrid,AtlasGrid,"Mountain View, CA, USA",Accelerate Product Iteration,Fall 2025,B2B,"Engineering, Product and Design",https://atlasgrid.ai/
https://www.ycombinator.com/companies/mayflower,Mayflower,SF,AI plug-in that automates HR immigration screening and compliance,Fall 2025,Government,,https://mayflowervisa.com/
https://www.ycombinator.com/companies/velum-labs,Velum Labs,SF,The OS for data quality across any stack,Winter 2026,B2B,,https://www.velum-labs.com/
https://www.ycombinator.com/companies/logosguard,LogosGuard,SF,The risk management software for enterprises adopting AI,Fall 2025,B2B,,https://logosguard.com/
https://www.ycombinator.com/companies/f2,F2,NYC,The AI platform for private markets investors,Summer 2025,B2B,"Engineering, Product and Design",http://f2.ai/
https://www.ycombinator.com/companies/scoop,Scoop,SF,Automating regulatory submissions for life sciences,Fall 2025,B2B,,https://scooplabs.ai/
https://www.ycombinator.com/companies/exonic,Exonic,SF,Unsupervised Biological AI,Fall 2025,Healthcare,Drug Discovery and Delivery,https://exonic.ai/
https://www.ycombinator.com/companies/forge-robotics,Forge Robotics,SF,A robotics intelligence system for metal fabrication,Fall 2025,Industrials,Manufacturing and Robotics,https://forge-robotics.com/
https://www.ycombinator.com/companies/jsx-tool,JSX Tool,,AI-First In-Browser IDE for React Development,Fall 2025,B2B,"Engineering, Product and Design",https://coasts.dev/
https://www.ycombinator.com/companies/zephyr-fusion,Zephyr Fusion,"San Diego, CA, USA",Powering tomorrow's industrial revolution in space,Fall 2025,Industrials,Energy,https://www.zephyrfusion.com/
https://www.ycombinator.com/companies/captain,Captain,SF,Accurate knowledge search that scales,Winter 2026,B2B,Infrastructure,https://runcaptain.com/
https://www.ycombinator.com/companies/thesis,Thesis,SF,An AI lab at your fingertips.,Fall 2025,B2B,,https://thesislabs.ai/
https://www.ycombinator.com/companies/iriscal,Iris,SF,The Digital Extension of Yourself,Fall 2025,Consumer,,https://textiris.com/
https://www.ycombinator.com/companies/castari,Castari,,Vercel for AI Agents � One click deploy for the Claude Agent SDK,Fall 2025,B2B,Infrastructure,https://castari.com/
https://www.ycombinator.com/companies/zarna,Zarna,SF,AI Associates for Private Capital,Fall 2025,B2B,Finance and Accounting,https://www.zarnaai.com/
https://www.ycombinator.com/companies/nessie,Nessie,SF,Shareable AI Brains for Everyone,Fall 2025,Consumer,,https://nessielabs.com/
https://www.ycombinator.com/companies/amera,Amera,,Automating claims processing workflows for health insurance payers.,Fall 2025,Fintech,Insurance,https://amerahealthsolutions.com/
https://www.ycombinator.com/companies/diligencesquared-inc,DiligenceSquared,SF,AI-powered market due diligence for investment decisions,Fall 2025,B2B,Analytics,https://diligencesquared.com/
https://www.ycombinator.com/companies/hireglide,HireGlide,SF,The AI-native job board,Fall 2025,B2B,Recruiting and Talent,https://www.hireglide.ai/
https://www.ycombinator.com/companies/agentic-fabriq,Agentic Fabriq,"Sunnyvale, CA, USA",Okta for Agents.,Winter 2026,B2B,,https://www.agenticfabriq.com/
https://www.ycombinator.com/companies/saffron-health,Saffron Health,,AI-powered care coordination for primary care,Spring 2025,Healthcare,Healthcare Services,https://www.saffron.health/
https://www.ycombinator.com/companies/efference,Efference,SF,,Fall 2025,Industrials,Manufacturing and Robotics,https://efference.ai/
https://www.ycombinator.com/companies/inspector,Inspector,SF,AI IDE for front-end development,Fall 2025,B2B,"Engineering, Product and Design",https://www.tryinspector.com/
https://www.ycombinator.com/companies/digipals,Digipals,SF,The future of Social in the age of AI,Fall 2025,Consumer,Social,https://www.digipals.app/
https://www.ycombinator.com/companies/item,item,SF,The AI-Native CRM that works for you,Fall 2025,B2B,Sales,https://item.app/
https://www.ycombinator.com/companies/scott-ai,Scott AI,NYC,Agentic Workspace for Engineering Team Alignment,Fall 2025,B2B,,https://tryscott.ai/
https://www.ycombinator.com/companies/savahq,Sava,,Building the future of trusts,Fall 2025,Fintech,,https://www.savahq.com/
https://www.ycombinator.com/companies/lakonia,Lakonia,SF,Delivering AI-powered situational awareness in tactical environments.,Fall 2025,Government,,https://lakonia.us.com/
https://www.ycombinator.com/companies/lunavo,Lunavo,SF,Lunavo is the AI assistant for carriers.,Fall 2025,B2B,Supply Chain and Logistics,https://lunavo.ai/
https://www.ycombinator.com/companies/brickwise,Brickwise,,AI property manager for landlords and estate agents,Fall 2025,Real Estate and Construction,Housing and Real Estate,https://www.brickwiseai.com/
https://www.ycombinator.com/companies/tornyol,Tornyol,,We build micro-drones that kill mosquitoes.,Fall 2025,Consumer,Consumer Electronics,https://tornyol.com/
https://www.ycombinator.com/companies/anto-biosciences,Anto Biosciences,SF,A Foundation Model for Microbial Communities.,Fall 2025,Healthcare,,https://www.anto.bio/
https://www.ycombinator.com/companies/the-hog,The Hog,,AI Demand Gen for Companies,Fall 2025,B2B,Marketing,https://thehog.ai/
https://www.ycombinator.com/companies/overdrive-health,Overdrive Health,NYC,AI Powered Medical Billing,Winter 2026,Healthcare,Healthcare Services,https://overdrive.health/
https://www.ycombinator.com/companies/kaigo-health,Kaigo Health,SF,AI outpatient care workforce,Fall 2025,Healthcare,Healthcare IT,https://www.kaigohealth.ai/
https://www.ycombinator.com/companies/norra,Norra,SF,Automating equipment operations for nursing facilities,Fall 2025,Healthcare,,https://www.norra.io/
https://www.ycombinator.com/companies/karumi,Karumi,,The Waymo of Personalized demos,Fall 2025,B2B,Sales,https://www.karumi.ai/
https://www.ycombinator.com/companies/uselemma,Lemma,SF,Continuous learning for AI agents,Fall 2025,B2B,"Engineering, Product and Design",https://www.uselemma.ai/
https://www.ycombinator.com/companies/rovr,Rovr,SF,AI FDE Engine that runs your engineering workflows,Fall 2025,B2B,"Engineering, Product and Design",https://www.withrovr.com/
https://www.ycombinator.com/companies/logical,Logical,SF,"A proactive desktop copilot. Clippy, but actually good.",Fall 2025,B2B,Productivity,https://trylogical.ai/
https://www.ycombinator.com/companies/aspect-inc,Aspect,,AI Visual Understanding for Multimodal Data,Fall 2025,B2B,"Engineering, Product and Design",https://aspect.inc/
https://www.ycombinator.com/companies/parse-bot,Parse,,Build an API to interact with any website.,Fall 2025,B2B,,https://parse.bot/
https://www.ycombinator.com/companies/moss,Moss,"San Mateo, CA, USA",Real-time semantic search for Conversational AI,Fall 2025,B2B,,https://usemoss.dev/
https://www.ycombinator.com/companies/playvision,PlayVision,SF,AI Moneyball for Sports,Fall 2025,B2B,Analytics,https://withplayvision.ai/
https://www.ycombinator.com/companies/rovi-health,Rovi Health,NYC,AI healthcare concierge for employees,Fall 2025,Healthcare,,https://www.rovi.health/
https://www.ycombinator.com/companies/aleph-lab,Aleph Lab,SF,AI language buddy in the games kids love,Fall 2025,Consumer,,http://alephlab.ai/
https://www.ycombinator.com/companies/mantle,Mantle,,Build internal agents to automate back office work with one prompt,Fall 2025,B2B,Operations,https://www.mantle.work/
https://www.ycombinator.com/companies/lightberry,Lightberry,SF,The social brain for robots.,Fall 2025,Industrials,Manufacturing and Robotics,https://lightberry.com/
https://www.ycombinator.com/companies/locus,Locus,,Payment infrastructure for AI agents,Fall 2025,B2B,"Engineering, Product and Design",https://paywithlocus.com/
https://www.ycombinator.com/companies/clad-labs,Clad Labs,SF,the brainrot ide,Fall 2025,Consumer,,https://cladlabs.ai/
https://www.ycombinator.com/companies/sciloop,Sciloop,SF,AI Co-Scientist that automates ML experimentation and analysis.,Fall 2025,B2B,Productivity,https://sciloop.dev/
https://www.ycombinator.com/companies/arcten,Arcten,SF,We make any product AI-native in an afternoon,Fall 2025,B2B,,https://arcten.com/
https://www.ycombinator.com/companies/velvet,Velvet,SF,Data for world models,Fall 2025,B2B,,https://velvet.video/
https://www.ycombinator.com/companies/kestrel-ai,Kestrel AI,SF,AI-Native Cloud Incident Response Platform,Fall 2025,B2B,Security,https://usekestrel.ai/
https://www.ycombinator.com/companies/nucleo,Nucleo,,The first Agentic platform for Oncology,Fall 2025,Healthcare,,https://nucleoresearch.com/
https://www.ycombinator.com/companies/alt-x,Alt-X,SF,Automation for institutional-grade financial modeling in Excel,Fall 2025,Fintech,,https://alt-x.co/
https://www.ycombinator.com/companies/caddy,Caddy,,The voice interface that works proactively for you,Fall 2025,B2B,"Engineering, Product and Design",https://trycaddy.ai/
https://www.ycombinator.com/companies/allus-ai,Allus AI,"Atlanta, GA, USA",Transforming manufacturing with our next-gen Vision Foundation Model,Fall 2025,Industrials,Manufacturing and Robotics,https://allus.ai/
https://www.ycombinator.com/companies/nivara,Nivara,SF,The intelligence layer for how your teams use AI,Fall 2025,B2B,Infrastructure,https://getnivara.com/
https://www.ycombinator.com/companies/nori,Nori,NYC,AI health coach in your pocket,Fall 2025,Healthcare,Consumer Health and Wellness,https://nori.ai/
https://www.ycombinator.com/companies/miniswap,Miniswap,SF,The Marketplace for Complex Hobbies,Fall 2025,Consumer,Gaming,https://miniswap.gg/
https://www.ycombinator.com/companies/crunched,Crunched,,Excel AI analyst for Power Users,Fall 2025,B2B,Finance and Accounting,https://usecrunched.com/
https://www.ycombinator.com/companies/boom-ai,Boom AI,SF,AI growth team for e-commerce brands,Fall 2025,B2B,,https://useboom.ai/
https://www.ycombinator.com/companies/automax-ai,Automax.ai,SF,AI native real-estate appraisal firm,Fall 2025,Real Estate and Construction,Housing and Real Estate,https://automax.ai/
https://www.ycombinator.com/companies/codyco,Codyco,,The AI Reservation Team for Hotel Groups,Fall 2025,B2B,,https://www.codyco.ai/en
https://www.ycombinator.com/companies/expected-parrot,Expected Parrot,"Cambridge, MA, USA",Simulate your customers with AI agents,Fall 2025,B2B,,https://www.expectedparrot.com/
https://www.ycombinator.com/companies/aircaps,AirCaps,SF,The AI copilot for in-person conversations.,Fall 2025,Consumer,,https://aircaps.com/
https://www.ycombinator.com/companies/lapis,Lapis,SF,"AI Image Ads for Meta, Linkedin, and Google",Fall 2025,B2B,Analytics,https://www.trylapis.com/
https://www.ycombinator.com/companies/hyperspell,Hyperspell,SF,Memory for AI Agents,Fall 2025,B2B,Infrastructure,https://hyperspell.com/
https://www.ycombinator.com/companies/semiotic,Semiotic,SF,Studio-Grade Design at Scale,Fall 2025,B2B,"Engineering, Product and Design",http://semiotic.com/
https://www.ycombinator.com/companies/aside,Aside,SF,Live answer copilot for enterprise tech sales,Fall 2025,B2B,Sales,https://asidehq.com/
https://www.ycombinator.com/companies/play-health,Play Health,"Boulder, CO, USA",Perimenopause Care Platform,Fall 2025,Healthcare,,http://playhealth.com/
https://www.ycombinator.com/companies/absurd,Absurd,,AI Brand and Performance Ads at Scale,Fall 2025,B2B,Marketing,https://absurd.com/
https://www.ycombinator.com/companies/articulate,Articulate,SF,Automatic Construction Drawing Clash Detection,Fall 2025,Real Estate and Construction,Construction,https://usearticulate.com/
https://www.ycombinator.com/companies/compyle,Compyle,SF,The coding agent that actually collaborates with you,Fall 2025,B2B,"Engineering, Product and Design",https://compyle.ai/
https://www.ycombinator.com/companies/leadbay,Leadbay,SF,Discover and qualify SMB leads that couldn't be found before.,Fall 2025,B2B,Sales,https://leadbay.ai/
https://www.ycombinator.com/companies/cortex-ai,Cortex AI,SF,Large-scale real-world robot & human data for embodied AI,Fall 2025,Industrials,Manufacturing and Robotics,https://cortexrobot.ai/
https://www.ycombinator.com/companies/claybird,Claybird,SF,The full-stack AI ad company,Fall 2025,B2B,Marketing,https://claybird.com/
https://www.ycombinator.com/companies/fastshot,Fastshot,,Lovable for mobile apps,Fall 2025,B2B,"Engineering, Product and Design",https://www.fastshot.ai/
https://www.ycombinator.com/companies/the-context-company,The Context Company,SF,Monitor AI agents and understand user behavior,Fall 2025,B2B,"Engineering, Product and Design",https://thecontext.company/
https://www.ycombinator.com/companies/redapto,Redapto,SF,,Fall 2025,B2B,,https://www.redapto.com/
https://www.ycombinator.com/companies/casey,Casey,,Casey is the first global AI-native insurance brokerage,Fall 2025,Fintech,Insurance,https://www.meetcasey.ai/
https://www.ycombinator.com/companies/flick,Flick,,"Figma + Cursor, for AI Filmmaking",Fall 2025,Consumer,Content,https://flick.art/
https://www.ycombinator.com/companies/denki,Denki,SF,The full-stack AI financial audit firm,Fall 2025,B2B,Finance and Accounting,https://denki.ai/
https://www.ycombinator.com/companies/bravi,Bravi,SF,The AI operating system powering home services businesses,Fall 2025,B2B,,https://www.bravi.app/
https://www.ycombinator.com/companies/sf-tensor,SF Tensor,,Infrastructure for AI labs to focus on research.,Fall 2025,B2B,Infrastructure,https://sf-tensor.com/
https://www.ycombinator.com/companies/lunabill,LunaBill,SF,AI Voice callers for healthcare billing teams,Fall 2025,Healthcare,Healthcare IT,https://lunabill.com/
https://www.ycombinator.com/companies/telemetron-ai,Telemetron,,Support and Operations Platform for Hardware Companies,Fall 2025,B2B,,https://www.telemetron.ai/
https://www.ycombinator.com/companies/fernstone,Fernstone,NYC,Full-stack insurance brokerage for businesses.,Fall 2025,Fintech,Insurance,https://www.fernstone.com/
https://www.ycombinator.com/companies/algen-biotechnologies,Algen Biotechnologies,SF,Using CRISPR to find treatments for cancer and inflammation,Winter 2020,Healthcare,Drug Discovery and Delivery,https://www.algenbio.com/
https://www.ycombinator.com/companies/selfin,Selfin,SF,Building the first AI Bank,Fall 2025,Fintech,Consumer Finance,https://selfin.app/
https://www.ycombinator.com/companies/cranston-ai,Cranston AI,SF,Full Stack AI Accounting Firm,Fall 2025,B2B,Finance and Accounting,https://www.cranstonai.com/
https://www.ycombinator.com/companies/fixpoint,Fixpoint,,Uber for AI trainers and human-in-the-loop supervisors,Fall 2025,B2B,Human Resources,https://fixpoint.co/
https://www.ycombinator.com/companies/kalpa-labs,Kalpa Labs,,Scaling Generalist Speech models,Fall 2025,B2B,,https://kalpalabs.ai/
https://www.ycombinator.com/companies/sourcebot,Sourcebot,SF,Helping humans and AI agents understand massive codebases,Fall 2025,B2B,"Engineering, Product and Design",https://www.sourcebot.dev/
https://www.ycombinator.com/companies/icarus,Icarus,"Los Angeles, CA, USA",Stratospheric birds for defense,Fall 2025,Industrials,Defense,https://www.icarus.one/
https://www.ycombinator.com/companies/pixley-ai,Pixley AI,SF,The first platform where parents & kids can co-create AI cartoon shows,Fall 2025,Consumer,Content,https://pixleyai.com/
https://www.ycombinator.com/companies/complydo,ComplyDo,,Global Compliance for Enterprises,Fall 2025,B2B,Legal,https://www.complydo.io/
https://www.ycombinator.com/companies/gpt,Nexus,"Brussels, Brussels, Belgium",We help non-technical teams build AI agents without engineers,Fall 2025,B2B,,https://agent.nexus/
https://www.ycombinator.com/companies/markit,MarkIt,SF,AI Agents for Trade Compliance - Saving Companies from Tariffs,Fall 2025,B2B,Supply Chain and Logistics,https://markittrade.com/
https://www.ycombinator.com/companies/metorial,Metorial,Remote,The infra layer for AI integrations.,Fall 2025,B2B,,https://metorial.com/
https://www.ycombinator.com/companies/movedot,MOVEdot,SF,AI Agents for Hardware Engineering,Fall 2025,B2B,"Engineering, Product and Design",https://www.movedot.ai/
https://www.ycombinator.com/companies/dome,Dome,,"A unified API for prediction markets, like Kalshi and Polymarket",Fall 2025,B2B,Infrastructure,https://domeapi.io/
https://www.ycombinator.com/companies/hillclimb,hillclimb,SF,The world's first human superintelligence community,Fall 2025,B2B,"Engineering, Product and Design",https://hillclimb.com/
https://www.ycombinator.com/companies/usenarrative,Narrative,SF,AI-Powered Sports Highlights,Fall 2025,B2B,Marketing,http://www.narrative-sports.com/
https://www.ycombinator.com/companies/prox,Prox,,AI agents for third-party logistics,Fall 2025,B2B,Supply Chain and Logistics,https://prox.inc/
https://www.ycombinator.com/companies/primer,Primer,SF,AI Product Demos,Fall 2025,B2B,,https://www.startprimer.com/
https://www.ycombinator.com/companies/questom,Questom,,AI Agents for B2B Sales,Fall 2025,B2B,Sales,https://www.questom.ai/
https://www.ycombinator.com/companies/koyal,Koyal,SF,Agentic AI Filmmaking Platform,Fall 2025,Consumer,Content,https://koyal.ai/
https://www.ycombinator.com/companies/uplane,Uplane,SF,Replace marketing agencies with AI,Fall 2025,B2B,Marketing,https://uplane.com/
https://www.ycombinator.com/companies/structured-ai,Structured AI,,AI workforce for Construction Engineering,Fall 2025,Real Estate and Construction,Construction,https://www.getstructured.ai/
https://www.ycombinator.com/companies/sellraze,SellRaze,SF,The fastest way to sell online.,Fall 2025,Consumer,,https://sellraze.com/
https://www.ycombinator.com/companies/dari,Dari,SF,An API to build the most reliable browser use agents,Fall 2025,B2B,,https://usedari.com/
https://www.ycombinator.com/companies/s2-dev,s2.dev,SF,"API for unlimited, durable, real-time streams",Fall 2025,B2B,Infrastructure,https://s2.dev/
https://www.ycombinator.com/companies/clicks,Clicks,,Computer use agents to automate all back-office work,Fall 2025,B2B,Productivity,https://goclicks.ai/
https://www.ycombinator.com/companies/mod-ai,Mod AI,,The First AI Email Client for Accounting,Fall 2025,B2B,,https://usemod.ai/
https://www.ycombinator.com/companies/deeptrace,Deeptrace,,AI agents for on-call,Fall 2025,B2B,,https://deeptrace.com/
https://www.ycombinator.com/companies/unsiloed-ai,Unsiloed AI,SF,API for parsing multimodal unstructured data,Fall 2025,B2B,,https://www.unsiloed.ai/
https://www.ycombinator.com/companies/zalos,Zalos,,"Computer Agents for Finance tasks like reconciliation, in your system!",Fall 2025,B2B,Operations,https://www.zalos.ai/
https://www.ycombinator.com/companies/brickanta,Brickanta,"Stockholm, Stockholm County, Sweden","Construction's AI platform for bid analysis, estimation and�",Fall 2025,B2B,Infrastructure,https://www.brickanta.com/
https://www.ycombinator.com/companies/sorce,Sorce,SF,Tinder for jobs,Fall 2025,B2B,Human Resources,https://sorce.jobs/
https://www.ycombinator.com/companies/answerthis,AnswerThis,,End-to-end workspace to accelerate scientific discovery,Fall 2025,Consumer,,https://answerthis.io/
https://www.ycombinator.com/companies/bluma,Bluma,SF,Canva for short-form video ads,Fall 2025,B2B,Marketing,https://www.getbluma.com/
https://www.ycombinator.com/companies/hypercubic,Hypercubic,,AI to maintain and modernize COBOL.,Fall 2025,B2B,,https://www.hypercubic.ai/
https://www.ycombinator.com/companies/bolna-ai,Bolna AI,"Bengaluru, KA, India",Voice AI to enable India's next billion,Fall 2025,B2B,,https://bolna.ai/
https://www.ycombinator.com/companies/lexi,Lexi,SF,AI Associates for Corporate Law,Fall 2025,B2B,Legal,https://getlexi.io/
https://www.ycombinator.com/companies/remedy,Remedy,SF,AI Agents for Pharmacies,Fall 2025,Healthcare,,http://www.useremedy.co/
https://www.ycombinator.com/companies/specific,Specific,"Stockholm, Stockholm County, Sweden",AWS for coding agents,Fall 2025,B2B,"Engineering, Product and Design",https://specific.dev/
https://www.ycombinator.com/companies/semble-ai,Semble AI,SF,Autonomous building-system design for construction companies.,Fall 2025,B2B,"Engineering, Product and Design",https://www.sembleai.com/
https://www.ycombinator.com/companies/freeport-markets,Freeport Markets,NYC,Tradable Twitter Feed,Fall 2025,Fintech,Consumer Finance,https://www.freeportmarkets.com/
https://www.ycombinator.com/companies/openroll,Openroll,"Stockholm, Stockholm County, Sweden",AI-Native Workday,Fall 2025,B2B,,https://www.openroll.com/
https://www.ycombinator.com/companies/veria-labs,Veria Labs,SF,Continuous AI pentesting that finds and fixes vulnerabilities,Fall 2025,B2B,Security,https://verialabs.com/
https://www.ycombinator.com/companies/wardstone,Wardstone,,Satellites for Missile Defense,Fall 2025,Industrials,Aviation and Space,https://www.wardstone.space/
https://www.ycombinator.com/companies/parrot,Parrot,SF,TikTok for language learning,Fall 2025,Consumer,,https://parrotapp.com/
https://www.ycombinator.com/companies/patent-watch,Patent Watch,"Toronto, ON, Canada",AI for detecting patent infringements,Fall 2025,B2B,,https://www.patentwatch.ai/
https://www.ycombinator.com/companies/zavo,Zavo,SF,AI Point of Sale for Restaurants,Fall 2025,Fintech,Payments,https://zavopay.com/
https://www.ycombinator.com/companies/multifactor,Multifactor,SF,"Zero-trust authentication, authorization, and auditing for AI agents",Fall 2025,B2B,Security,https://multifactor.com/
https://www.ycombinator.com/companies/mixy,Mixy,,Make mashups without knowing how to DJ,Fall 2025,Consumer,,https://usemixy.com/
https://www.ycombinator.com/companies/lua-global-inc,Lua Global Inc,,The mid-market agent platform,Fall 2025,B2B,,https://heylua.ai/
https://www.ycombinator.com/companies/bear,Bear,SF,Marketing Stack for AI Agents,Fall 2025,B2B,Marketing,https://usebear.ai/
https://www.ycombinator.com/companies/imagine-ai,Imagine AI,SF,We build B2B content for your entire team,Fall 2025,B2B,Sales,https://imagineai.me/
https://www.ycombinator.com/companies/sunflower,Sunflower,,Building the Sobriety Platform for the future of Superintelligence. ??,Fall 2025,Consumer,,https://sunflowersober.com/
https://www.ycombinator.com/companies/metis,Metis,SF,Infrastructure to build reliable agents,Summer 2025,B2B,Infrastructure,https://withmetis.ai/
https://www.ycombinator.com/companies/duranium,Duranium,"Alameda, CA, USA",Reshoring critical metal production,Summer 2025,Industrials,Manufacturing and Robotics,https://www.duranium.co/
https://www.ycombinator.com/companies/axial-composites-industries,Axial Composites Industries,,Carbon Fiber Manufacturing at the Speed of Software,Fall 2025,Industrials,Aviation and Space,https://www.axialcomposite.com/
https://www.ycombinator.com/companies/fulcrum,Fulcrum,,The agentic debugger for AI systems,Summer 2025,B2B,Analytics,https://fulcrumresearch.ai/
https://www.ycombinator.com/companies/dedalus-labs,Dedalus Labs,SF,Connect any LLM to any MCP tools and create complex agents in minutes.,Summer 2025,B2B,,https://www.dedaluslabs.ai/
https://www.ycombinator.com/companies/piggy-robotics,Piggy Robotics,,Humanoid robots that do your chores for the price of an iPhone!,Fall 2025,Industrials,Manufacturing and Robotics,https://piggyrobotics.com/
https://www.ycombinator.com/companies/rowflow,RowFlow,NYC,Replacing forms with AI conversations,Summer 2025,B2B,Operations,https://rowflow.ai/
https://www.ycombinator.com/companies/munify,Munify,Remote,The Cross-Border Neobank for the Middle East,Summer 2025,Fintech,,https://munify.ai/
https://www.ycombinator.com/companies/the-prompting-company,The Prompting Company,,We help products get mentioned in ChatGPT.,Summer 2025,B2B,Marketing,https://www.promptingcompany.com/
https://www.ycombinator.com/companies/topological,Topological,,Physics-based foundation models for CAD optimization.,Summer 2025,B2B,"Engineering, Product and Design",https://www.topological.com/
https://www.ycombinator.com/companies/stellon-labs,Stellon Labs,SF,Building tiny frontier AI models that run on edge devices,Summer 2025,B2B,"Engineering, Product and Design",https://stellonlabs.com/
https://www.ycombinator.com/companies/nautilus,Nautilus,,AI platform to grow and to optimize car washes,Summer 2025,B2B,Sales,https://nautilus.co/
https://www.ycombinator.com/companies/bitrig,bitrig,,"Vibe code, test, and deploy Swift apps. All from your iPhone.",Summer 2025,B2B,"Engineering, Product and Design",https://bitrig.com/
https://www.ycombinator.com/companies/panels,Panels,SF,Audio Data for AI Labs,Summer 2025,B2B,"Engineering, Product and Design",https://www.usepanels.com/
https://www.ycombinator.com/companies/bezel,Bezel,NYC,Digital AI humans that model clothes for e-commerce brands.,Winter 2025,B2B,,https://www.trybezel.com/
https://www.ycombinator.com/companies/pleom,Pleom,,Agentic Business Intelligence,Summer 2025,B2B,Analytics,https://pleom.com/
https://www.ycombinator.com/companies/effigov,EffiGov,SF,The AI OS for Cities,Summer 2025,Government,,https://effigov.com/
https://www.ycombinator.com/companies/tesora,Tesora,,AI-Native Software for Operations and Finance Teams,Summer 2025,B2B,Operations,https://tesora.ai/
https://www.ycombinator.com/companies/getasap,GETASAP,SF,8-hour Produce Distribution for Retailers of Any Size,Summer 2025,B2B,Supply Chain and Logistics,https://www.getasap.us/
https://www.ycombinator.com/companies/button-computer,Button Computer,SF,Button is the wearable AI that can talk.,Winter 2026,B2B,"Engineering, Product and Design",https://buttoncomputer.com/
https://www.ycombinator.com/companies/ondeck-ai,OnDeck AI,"Vancouver, BC, Canada","Analyze any footage, without training a model",Summer 2025,B2B,Analytics,https://www.ondeckai.com/
https://www.ycombinator.com/companies/kalinda,Kalinda,,Deep research for class action law firms,Summer 2025,B2B,Legal,https://www.kalinda.ai/
https://www.ycombinator.com/companies/char,Char,,Open source AI notepad for meetings,Summer 2025,B2B,Productivity,https://char.com/
https://www.ycombinator.com/companies/cocreate,cocreate,SF,video production software,Summer 2025,Consumer,Content,https://cocreate.so/
https://www.ycombinator.com/companies/lark,Lark,SF,The E2E testing layer for AI-driven development,Summer 2025,B2B,"Engineering, Product and Design",https://getlark.ai/
https://www.ycombinator.com/companies/serafis,Serafis,SF,The AI knowledge graph for institutional investors,Summer 2025,B2B,,https://serafis.ai/
https://www.ycombinator.com/companies/alara,Alara,,Procurement Platform for Dental Offices,Summer 2025,B2B,,http://alaradental.com/
https://www.ycombinator.com/companies/avent,Avent,,AI agents for industrial commerce,Summer 2025,B2B,,https://www.aventindustrial.com/
https://www.ycombinator.com/companies/palace,Palace,NYC,"Palace plans, coordinates, and executes daily ops for trucking fleets",Summer 2025,B2B,Supply Chain and Logistics,https://www.palace.so/
https://www.ycombinator.com/companies/zeroeval,ZeroEval,NYC,Auto-optimizer for AI agents,Summer 2025,B2B,,https://zeroeval.com/
https://www.ycombinator.com/companies/minimal-ai,Minimal AI,,AI Agents for E-commerce Customer Support,Summer 2025,B2B,,https://gominimal.ai/
https://www.ycombinator.com/companies/datafruit,datafruit,SF,AI DevOps Engineer,Summer 2025,B2B,"Engineering, Product and Design",https://datafruit.dev/
https://www.ycombinator.com/companies/spotlight-realty,Spotlight Realty,NYC,AI powered brokerage reducing residential rental commissions in NYC�,Summer 2025,Real Estate and Construction,,https://www.spotlight.realty/
https://www.ycombinator.com/companies/nexa-labs,Nexa Labs,SF,Implantable microchips and AI for cattle monitoring,Summer 2025,Industrials,Agriculture,https://nexa.farm/
https://www.ycombinator.com/companies/theinterface,Interface,NYC,The frontier lab for visual simulation,Summer 2025,Consumer,,https://www.theinterface.com/
https://www.ycombinator.com/companies/normal,Normal,SF,Deploying and integrating useful robots,Summer 2025,Industrials,,https://www.normalfactory.com/
https://www.ycombinator.com/companies/knowlify,Knowlify,SF,Convert textual content into explainer videos in < 15s,Summer 2025,B2B,,https://knowlify.net/
https://www.ycombinator.com/companies/trace-so,Trace,SF,Context-aware orchestration between humans and AI.,Summer 2025,B2B,Productivity,https://www.trace.so/
https://www.ycombinator.com/companies/ruvo,Ruvo,"S�o Paulo, SP, Brazil",The Global Dollar App for Brazil,Summer 2025,Fintech,,https://ruvo.com/
https://www.ycombinator.com/companies/parametric,Parametric,,Robots for frontline physical labor � starting with laundry,Fall 2025,Industrials,Manufacturing and Robotics,https://parametric.company/
https://www.ycombinator.com/companies/nuntius,Nuntius,SF,Making Models Follow Rules.,Summer 2025,B2B,Infrastructure,https://www.nuntius.ai/
https://www.ycombinator.com/companies/freya,Freya,SF,Voice AI for Enterprises,Summer 2025,Fintech,,https://freyavoice.ai/
https://www.ycombinator.com/companies/astor,Astor,SF,AI advisor for retail investors,Summer 2025,Fintech,Consumer Finance,https://astor.app/
https://www.ycombinator.com/companies/prosper,Prosper,NYC,AI Phone Agents for Healthcare Operations,Summer 2023,B2B,,https://www.getprosper.ai/?utm_source=yc&utm_medium=directory&utm_campaign=yc_directory
https://www.ycombinator.com/companies/burnt,burnt,SF,Agentic Operating System for Food Supply Chain,Summer 2025,B2B,Supply Chain and Logistics,https://getburnt.ai/
https://www.ycombinator.com/companies/pollen,Pollen,SF,AI Agents for Customer Success,Winter 2026,B2B,Operations,https://www.pollen.cx/
https://www.ycombinator.com/companies/paloma,Paloma,SF,AI-native CRM for putting post-sales operations on autopilot,Summer 2025,B2B,,https://getpaloma.ai/
https://www.ycombinator.com/companies/noso-labs,NOSO LABS,,Build AI agents for field technicians to diagnose and sell 10x better,Summer 2025,Industrials,,https://noso.so/
https://www.ycombinator.com/companies/wayline,Wayline,,AI voice for property managers,Summer 2025,Real Estate and Construction,,https://wayline.com/
https://www.ycombinator.com/companies/frizzle,Frizzle,SF,AI Grading for Teachers,Summer 2025,Education,,https://www.frizzle.com/
https://www.ycombinator.com/companies/clodo,Clodo,SF,Vibe GTM. Execute your outbound ideas with just a prompt,Summer 2025,B2B,Sales,https://clodo.ai/
https://www.ycombinator.com/companies/meteor,Meteor,SF,An AI-Native Browser,Summer 2025,Consumer,,https://browse.dev/
https://www.ycombinator.com/companies/riverbank,Riverbank,SF,AI-native Red Teaming and Offensive Security,Summer 2025,B2B,,https://www.riverbank.sh/
https://www.ycombinator.com/companies/playgent,Playgent,SF,Sandboxes for AI agents,Summer 2025,Healthcare,Healthcare IT,https://useplaygent.com/
https://www.ycombinator.com/companies/blank-bio,Blank Bio,SF,RNA-based AI for better drugs and smarter clinical trials.,Summer 2025,Healthcare,Therapeutics,http://blank.bio/
https://www.ycombinator.com/companies/lotas,Lotas,SF,AI for Data Science and 3D,Summer 2025,B2B,Analytics,https://www.lotas.ai/
https://www.ycombinator.com/companies/solva,Solva,,Automates insurance claims and stops incorrect payouts,Summer 2025,Fintech,Insurance,https://solvatechnology.com/
https://www.ycombinator.com/companies/lilac,Lilac,SF,Spot GPUs that use idle GPUs from enterprises,Summer 2025,B2B,,https://getlilac.com/
https://www.ycombinator.com/companies/fleetline,Fleetline,NYC,Optimizing fleet planning with data driven algorithms,Summer 2025,B2B,Supply Chain and Logistics,https://fleetline.ai/
https://www.ycombinator.com/companies/bidflow,Bidflow,NYC,AI Copilot for Electrical Estimating,Winter 2026,Real Estate and Construction,Construction,https://usebidflow.com/
https://www.ycombinator.com/companies/rid,Rid,SF,Sell with a text.,Summer 2025,Consumer,,https://rid.me/
https://www.ycombinator.com/companies/louiza-labs,Louiza Labs,SF,Hebbia for Pharmaceutical Evidence,Summer 2025,B2B,Analytics,https://www.louizalabs.co/
https://www.ycombinator.com/companies/epicenter,Epicenter,SF,"ChatGPT's memory feature in an open, portable format",Summer 2025,Consumer,,https://epicenter.md/
https://www.ycombinator.com/companies/iron-grid,Iron Grid,,AI Insurance for hardware.,Summer 2025,Fintech,Insurance,https://getirongrid.com/
https://www.ycombinator.com/companies/fluidize,Fluidize,SF,Helping scientists and engineers run experiments with AI.,Summer 2025,B2B,"Engineering, Product and Design",https://fluidize.ai/
https://www.ycombinator.com/companies/contextfort,ContextFort,SF,Visibility and Controls for Browser Agents,Summer 2025,B2B,Security,https://contextfort.ai/
https://www.ycombinator.com/companies/shor,Shor,SF,"The fastest, most affordable payroll for global teams",Summer 2025,Fintech,Payments,https://www.tryshor.com/
https://www.ycombinator.com/companies/ambral,Ambral,,AI Account Managers,Summer 2025,B2B,Sales,https://www.ambral.com/
https://www.ycombinator.com/companies/tryeden,Eden,NYC,Autonomous Marketing AI for Ecommerce Brands,Summer 2025,B2B,Marketing,https://tryeden.ai/
https://www.ycombinator.com/companies/ironledger-ai,IronLedger.ai,,AI agents for property accounting,Summer 2025,Real Estate and Construction,Housing and Real Estate,https://ironledger.ai/
https://www.ycombinator.com/companies/design-arena,Design Arena,SF,World's largest crowdsourced benchmark for AI-generated design,Summer 2025,Consumer,,https://www.designarena.ai/
https://www.ycombinator.com/companies/blue,Blue,,The first voice assistant that can control every app on your iPhone,Summer 2025,Consumer,,https://heyblue.com/
https://www.ycombinator.com/companies/wedge,Wedge,SF,Palantir for Healthcare AI Agents,Summer 2025,Healthcare,,https://www.wedge.health/
https://www.ycombinator.com/companies/albacore-inc,Albacore Inc.,"Philadelphia, PA, USA",Autonomous undersea vehicles to deter maritime invasions.,Summer 2025,Government,,https://www.albacore.inc/
https://www.ycombinator.com/companies/mangodesk,MangoDesk,SF,RL environments for software engineering,Summer 2025,B2B,,https://www.mangodesk.com/
https://www.ycombinator.com/companies/pingo-ai,Pingo AI,,AI companion that helps you learn languages,Summer 2025,Consumer,,https://pingo.ai/
https://www.ycombinator.com/companies/risely-ai,Risely AI,,AI agents that automate administrative work across college campuses.,Summer 2025,Education,,https://www.risely.ai/
https://www.ycombinator.com/companies/veritus,Veritus,SF,AI agents for the consumer lending industry,Summer 2025,Fintech,Credit and Lending,https://www.veritus.com/
https://www.ycombinator.com/companies/floot,Floot,,The easiest way for non-coders to build apps with AI.,Summer 2025,B2B,"Engineering, Product and Design",https://floot.com/
https://www.ycombinator.com/companies/avelis-health,Avelis Health,,We audit medical claims for self-insured employers and health plans.,Summer 2025,Healthcare,Healthcare IT,https://avelishealth.com/
https://www.ycombinator.com/companies/omnara,Omnara,SF,Mobile & Web Interface for Claude Code & Codex,Summer 2025,B2B,"Engineering, Product and Design",https://omnara.com/
https://www.ycombinator.com/companies/doe,Doe,SF,"The boring stuff, handled. Everything else, supercharged.",Summer 2025,B2B,,https://doe.so/
https://www.ycombinator.com/companies/deepgrove,DeepGrove,,Frontier Intelligence. On Any Device.,Summer 2025,B2B,,https://deepgrove.ai/
https://www.ycombinator.com/companies/locata,Locata,NYC,AI Referral Automation for Primary Care Clinics,Summer 2025,Healthcare,Healthcare IT,https://www.locatahealth.com/
https://www.ycombinator.com/companies/verne-robotics,Verne Robotics,SF,AI models that teach robots new skills in hours,Summer 2025,Industrials,Manufacturing and Robotics,https://vernerobotics.com/
https://www.ycombinator.com/companies/april,April,SF,Voice AI Executive Assistant,Summer 2025,Consumer,,https://tryapril.com/
https://www.ycombinator.com/companies/liva-ai,Liva AI,SF,Audio & Video Data,Summer 2025,B2B,,https://www.theliva.ai/
https://www.ycombinator.com/companies/swerve,Swerve,SF,Chat with AI Characters,Winter 2025,Consumer,,https://www.getswerve.com/
https://www.ycombinator.com/companies/novaflow,Novaflow,SF,The AI data analyst for biology labs,Summer 2025,Healthcare,,https://www.novaflowapp.com/
https://www.ycombinator.com/companies/agenthub-2,AgentHub,,The simulation and evaluation engine for AI agents,Summer 2025,B2B,,https://www.agenthublabs.com/
https://www.ycombinator.com/companies/imprezia,Imprezia,,The World's First AI Ad Network.,Summer 2025,B2B,Infrastructure,https://imprezia.ai/
https://www.ycombinator.com/companies/stockline,Stockline,SF,AI-native ERP for food wholesalers,Summer 2025,B2B,,https://stockline.ai/
https://www.ycombinator.com/companies/traceroot-ai,TraceRoot.AI,,Open source AI agents auto-fix your production bugs,Summer 2025,B2B,"Engineering, Product and Design",https://traceroot.ai/
https://www.ycombinator.com/companies/mimos,Mimos,,Helping companies rank in AI search,Summer 2025,B2B,,https://www.trymimos.com/
https://www.ycombinator.com/companies/ghosteye,GhostEye,NYC,Vulnerability Management for Human Risk,Summer 2025,B2B,Security,https://ghosteye.ai/
https://www.ycombinator.com/companies/truthsystems,truthsystems,SF,Automatically blocking risky behavior with real-time governance agents,Summer 2025,B2B,Infrastructure,https://www.truthsystems.ai/
https://www.ycombinator.com/companies/kernel,Kernel,SF,"Crazy fast, open source infra for AI agents to use the Internet",Summer 2025,B2B,Infrastructure,https://www.kernel.sh/
https://www.ycombinator.com/companies/monarcha,Monarcha,SF,An expert for your spatial data,Summer 2025,B2B,,https://monarcha.ai/
https://www.ycombinator.com/companies/lanesurf,Lanesurf,SF,Voice AI for booking freight,Summer 2025,B2B,,https://www.lanesurf.com/
https://www.ycombinator.com/companies/outrove,Outrove,SF,Ultra-realistic AI Recruiter,Summer 2025,B2B,Recruiting and Talent,https://www.outrove.ai/
https://www.ycombinator.com/companies/golpo,Golpo,SF,Most Powerful AI Video Gen Model for Explainer Videos From Documents,Summer 2025,B2B,Productivity,https://video.golpoai.com/
https://www.ycombinator.com/companies/certus-ai,Certus AI,SF,Replacing the restaurant phone line with Voice AI,Summer 2025,B2B,,https://www.certus-ai.com/
https://www.ycombinator.com/companies/vibeflow,VibeFlow,,"Lovable, n8n and a database all in one platform",Summer 2025,B2B,,https://vibeflow.ai/
https://www.ycombinator.com/companies/deepaware-ai,DeepAware AI,SF,Help AI data centers unlock more compute and become more efficient,Summer 2025,B2B,Infrastructure,https://deepawareai.com/
https://www.ycombinator.com/companies/b12-labs,b12 Labs,SF,Chemical Copilot for Pharma and Biotech,Summer 2025,Healthcare,Drug Discovery and Delivery,https://b12-labs.com/
https://www.ycombinator.com/companies/comena,Comena,,AI agents for distributors and manufacturers to automate order entry.,Summer 2025,B2B,Supply Chain and Logistics,https://comena.ai/
https://www.ycombinator.com/companies/manufact,Manufact (formerly mcp-use),,Open source SDK & cloud infrastructure for MCP Servers & ChatGPT Apps,Summer 2025,B2B,Infrastructure,https://manufact.com/
https://www.ycombinator.com/companies/tryjanet,Janet AI,SF,The AI-Native Jira,Summer 2025,B2B,,https://janet.ai/
https://www.ycombinator.com/companies/pangolin,Pangolin,SF,"Identity-aware VPN and proxy for remote access to anything, anywhere.",Summer 2025,B2B,Infrastructure,https://pangolin.net/
https://www.ycombinator.com/companies/socratix-ai,Socratix AI,,AI coworkers for fraud and risk teams.,Summer 2025,B2B,Operations,https://getsocratix.ai/
https://www.ycombinator.com/companies/modelence,Modelence,SF,The full-stack platform for agentic development,Summer 2025,B2B,Infrastructure,https://modelence.com/
https://www.ycombinator.com/companies/okibi,Okibi,SF,"Build AI coworkers using natural language, it's Lovable for agents",Summer 2025,B2B,,https://okibi.ai/
https://www.ycombinator.com/companies/sigmanticai,SigmanticAI,"Dublin, CA, USA",The Cursor for Chip Design - Delivering Silicon-Ready Chip Designs�,Summer 2025,B2B,"Engineering, Product and Design",https://www.sigmanticai.com/
https://www.ycombinator.com/companies/f4,F4,SF,Automating compliance checks for engineering drawings,Summer 2025,Industrials,,https://f4.dev/
https://www.ycombinator.com/companies/synthetic-society,Synthetic Society,SF,Synthetic Users to Simulate Real Users,Summer 2025,B2B,"Engineering, Product and Design",https://syntheticsociety.ai/
https://www.ycombinator.com/companies/gitdot,gitdot,,A better GItHub,Summer 2025,B2B,Productivity,https://www.gitdot.io/
https://www.ycombinator.com/companies/tidy,Tidy,SF,Does anything you can imagine with a text,Summer 2025,Consumer,,https://withtidy.com/
https://www.ycombinator.com/companies/parachute,Parachute,,Infrastructure for hospitals to monitor and deploy clinical AI,Summer 2025,Healthcare,Healthcare IT,https://parachute-ai.com/
https://www.ycombinator.com/companies/notte,Notte,SF,Reliable Web Agents for Enterprise,Summer 2025,B2B,,https://www.notte.cc/
https://www.ycombinator.com/companies/acrely,Acrely,,Enterprise Voice Agents,Summer 2025,B2B,,https://www.acrely.ai/
https://www.ycombinator.com/companies/alter,Alter,NYC,Secure access control and authorization platform for agent workflows,Summer 2025,B2B,Security,https://alterai.dev/
https://www.ycombinator.com/companies/tectoai,TectoAI,SF,A Platform for AI Governance,Summer 2025,B2B,,https://www.tecto.ai/
https://www.ycombinator.com/companies/convexia,Convexia,,The world's first AI-maximalist pharma company,Summer 2025,Healthcare,Drug Discovery and Delivery,https://convexia.bio/
https://www.ycombinator.com/companies/luminal,Luminal,,Making AI run fast on any hardware.,Summer 2025,B2B,Infrastructure,https://luminal.com/
https://www.ycombinator.com/companies/goriff,GoRiff,SF,Cursor for music production,Summer 2025,Consumer,,https://goriff.com/
https://www.ycombinator.com/companies/sira,Sira,,AI Native Rippling for Deskless Workers,Summer 2025,B2B,Human Resources,https://sira.team/
https://www.ycombinator.com/companies/embedder,Embedder,SF,Cursor for Firmware,Summer 2025,B2B,"Engineering, Product and Design",https://www.embedder.com/
https://www.ycombinator.com/companies/nixo,Nixo,,The first ops platform for forward deployed engineers,Summer 2025,B2B,,https://withnixo.com/
https://www.ycombinator.com/companies/cactus,Cactus,SF,Low-latency AI engine for mobile devices & wearables,Summer 2025,B2B,"Engineering, Product and Design",https://www.cactuscompute.com/
https://www.ycombinator.com/companies/bootloop,BootLoop,SF,"Firmware in minutes, not months - rigorously tested on real hardware",Summer 2025,B2B,"Engineering, Product and Design",https://bootloop.ai/
https://www.ycombinator.com/companies/channel3,Channel3,NYC,Database of every product on the internet,Summer 2025,B2B,Retail,https://trychannel3.com/
https://www.ycombinator.com/companies/interfere,Interfere,NYC,Build software that never breaks,Summer 2025,B2B,"Engineering, Product and Design",https://interfere.com/
https://www.ycombinator.com/companies/pares-ai,PARES AI,SF,Helping commercial real estate brokers find and close more deals.,Summer 2025,Real Estate and Construction,,https://www.pares.ai/
https://www.ycombinator.com/companies/opennote,Opennote,SF,The notebook that thinks with you.,Summer 2025,Consumer,,https://opennote.com/
https://www.ycombinator.com/companies/dscribe-ai,dScribe AI,"Olathe, KS, USA",Computer vision for bulk inventory tracking,Summer 2025,B2B,Supply Chain and Logistics,https://dscribeai.com/
https://www.ycombinator.com/companies/phases,Phases,SF,"Automating clinical trials, starting with patient recruitment.",Summer 2025,Healthcare,Healthcare IT,https://phases.ai/
https://www.ycombinator.com/companies/stagewise,stagewise,,The frontend coding agent for real codebases.,Summer 2025,B2B,"Engineering, Product and Design",https://stagewise.io/
https://www.ycombinator.com/companies/sagekit,Sagekit,SF,AI workspace for research and writing,Summer 2025,B2B,Productivity,https://sagekit.com/
https://www.ycombinator.com/companies/closera,Closera,SF,AI employees for commercial real estate,Summer 2025,B2B,,https://closera.com/
https://www.ycombinator.com/companies/kestroll,Kestroll,SF,,Summer 2025,B2B,Operations,https://
https://www.ycombinator.com/companies/humoniq,Humoniq,SF,AI-Native BPO for travel & transport,Summer 2025,B2B,,https://humoniq.ai/
https://www.ycombinator.com/companies/nox-metals,Nox Metals,"Detroit, MI, USA",Supplying America's Industrial Base,Summer 2025,Industrials,Manufacturing and Robotics,https://noxmetals.co/
https://www.ycombinator.com/companies/orange-slice,Orange Slice,,Agentic sales enrichment spreadsheet,Summer 2025,B2B,Sales,https://orangeslice.ai/
https://www.ycombinator.com/companies/hera-video,Hera,,AI Motion Designer,Summer 2025,B2B,"Engineering, Product and Design",https://hera.video/
https://www.ycombinator.com/companies/flai,Flai,,We Bring Customers to Your Dealership,Summer 2025,Industrials,Automotive,https://www.useflai.com/
https://www.ycombinator.com/companies/wafer,Wafer,SF,AI that makes AI fast,Summer 2025,B2B,"Engineering, Product and Design",https://www.wafer.ai/
https://www.ycombinator.com/companies/cifrato,Cifrato,"Bogot�, Bogota, Colombia",AI Accountant for Accounting Firms,Winter 2025,B2B,Operations,https://cifrato.ai/
https://www.ycombinator.com/companies/perspectives-health,Perspectives Health,"Chicago, IL, USA",Automating away admin for behavioral health clinics,Summer 2025,Healthcare,Healthcare IT,https://perspectiveshealth.ai/
https://www.ycombinator.com/companies/autosana,Autosana,,AI Agents for Mobile & Web QA,Summer 2025,B2B,"Engineering, Product and Design",https://autosana.ai/
https://www.ycombinator.com/companies/nozomio,Nozomio,,Context augmentation for agents,Summer 2025,B2B,"Engineering, Product and Design",https://www.nozomio.com/
https://www.ycombinator.com/companies/costream,Costream,SF,Indexing human dialogue through digital products,Summer 2025,Consumer,,https://www.costream.ai/
https://www.ycombinator.com/companies/finto-de,Finto,"Munich, BY, Germany",AI accounting for enterprise finance teams,Summer 2025,B2B,Finance and Accounting,https://www.gofinto.com/
https://www.ycombinator.com/companies/careswift,CareSwift,NYC,AI scribe for Ambulance Reports,Summer 2025,Healthcare,,https://www.careswift.com/
https://www.ycombinator.com/companies/agentmail,AgentMail,SF,Email Inboxes for AI Agents,Summer 2025,B2B,Infrastructure,https://agentmail.to/
https://www.ycombinator.com/companies/skope,Skope,SF,AI Agents for SMB Law Firms.,Summer 2025,B2B,,https://useskope.com/
https://www.ycombinator.com/companies/slashy,Slashy,SF,Cursor for Email,Summer 2025,B2B,Productivity,https://www.slashy.com/
https://www.ycombinator.com/companies/realroots,RealRoots,SF,AI social app for women,Summer 2025,Consumer,Social,http://www.therealroots.com/
https://www.ycombinator.com/companies/altur,Altur,"Mexico City, CDMX, Mexico",Voice AI Agents for Debt Collection,Summer 2025,B2B,,https://altur.io/
https://www.ycombinator.com/companies/uplift-ai,Uplift AI,,Foundational Voice Models for regional languages,Summer 2025,B2B,,https://upliftai.org/
https://www.ycombinator.com/companies/magnetic,Magnetic,,AI Tax Preparer for CPA firms,Summer 2025,B2B,Productivity,https://youtu.be/5--kYPgPLEM
https://www.ycombinator.com/companies/pally,Pally,SF,Intelligent Unified Inbox + Personal CRM,Summer 2025,B2B,Productivity,https://pally.com/
https://www.ycombinator.com/companies/playably,PlayAbly,Remote,"We build games to help brands engage, convert, and retain customers",Summer 2019,B2B,,https://www.playably.ai/
https://www.ycombinator.com/companies/vulcan-technologies,Vulcan Technologies,"Austin, TX, USA",AI regulatory drafting and compliance,Summer 2025,B2B,Legal,https://www.vulcan-tech.com/
https://www.ycombinator.com/companies/halluminate,Halluminate,SF,Data and RL environments to automate knowledge work,Summer 2025,B2B,,https://halluminate.ai/
https://www.ycombinator.com/companies/reacher,Reacher,SF,We automate creator marketing for the world's largest brands,Summer 2025,B2B,,https://reacherapp.com/
https://www.ycombinator.com/companies/flywheel-ai,Flywheel AI,SF,Waymo for excavators,Summer 2025,Industrials,Manufacturing and Robotics,https://useflywheel.ai/
https://www.ycombinator.com/companies/perseus-defense,Perseus Defense,,America's Golden Dome for Drones,Summer 2025,Industrials,Defense,https://perseusdefense.com/
https://www.ycombinator.com/companies/idler,Idler,SF,Reinforcement learning environments.,Summer 2025,B2B,"Engineering, Product and Design",https://idler.ai/
https://www.ycombinator.com/companies/proliferate,Proliferate,SF,The autonomous engineering organization,Summer 2025,B2B,"Engineering, Product and Design",https://proliferate.com/?utm_source=yc&utm_medium=referral&utm_campaign=profile
https://www.ycombinator.com/companies/cyberdesk,Cyberdesk,SF,Self learning computer use agent for developers,Summer 2025,B2B,"Engineering, Product and Design",https://www.cyberdesk.io/
https://www.ycombinator.com/companies/boost-robotics,Boost Robotics,"Boston, MA, USA",Robots for the inspection and maintenance of data centers,Spring 2025,Industrials,Manufacturing and Robotics,https://www.boostrobotics.ai/
https://www.ycombinator.com/companies/powermatrix,PowerMatrix,"Cambridge, England, United Kingdom",Efficient and compact power supply for AI hardware,Spring 2025,Industrials,Energy,Not found
https://www.ycombinator.com/companies/cleon,Cleon,NYC,AI agents for hotels & resorts,Spring 2025,B2B,,https://getcleon.ai/
https://www.ycombinator.com/companies/third-chair,Third Chair,SF,Automating complex legal workflows with human lawyers in the loop.,Spring 2025,B2B,Legal,https://usethirdchair.com/
https://www.ycombinator.com/companies/janus,Janus,SF,Evaluate AI Agents with Simulation Environments,Spring 2025,B2B,Infrastructure,https://www.withjanus.com/
https://www.ycombinator.com/companies/trapeze,Trapeze,,AI-native Zocdoc,Spring 2025,Healthcare,Healthcare IT,https://www.trapezehealth.com/
https://www.ycombinator.com/companies/kashikoi,Kashikoi,SF,Simulation Engine for Benchmarking AI Products,Spring 2025,B2B,,https://www.getkashikoi.com/
https://www.ycombinator.com/companies/nimbic-ai,Nimbic AI,,Automatically write and update internal docs with every code commit.,Spring 2025,B2B,"Engineering, Product and Design",https://nimbic-ai.com/
https://www.ycombinator.com/companies/photonium,Photonium,,AI-Powered Optical Consulting & Software,Spring 2025,B2B,"Engineering, Product and Design",https://www.photoniumoptics.com/
https://www.ycombinator.com/companies/neoncoral,neoncoral,,?? AI consumer social,Spring 2025,Consumer,,http://neoncoral.inc/
https://www.ycombinator.com/companies/voiceos,VoiceOS,SF,The Siri for Productivity,Spring 2025,Consumer,,https://voiceos.com/
https://www.ycombinator.com/companies/bloom-4,Bloom,,Build and share mobile apps in seconds,Spring 2025,B2B,"Engineering, Product and Design",https://bloom.diy/
https://www.ycombinator.com/companies/bond,Bond,SF,Your AI Chief of Staff,Spring 2025,B2B,Productivity,https://www.bondapp.io/
https://www.ycombinator.com/companies/atlog,Atlog,NYC,Voice AI That Won't Get You Sued,Spring 2025,B2B,Operations,https://atlog.ai/
https://www.ycombinator.com/companies/beluga,Beluga,SF,Influencer marketing that converts,Spring 2025,B2B,Marketing,https://www.trybeluga.ai/
https://www.ycombinator.com/companies/chiron,Chiron,SF,Grammarly for Math ??,Spring 2025,Education,,https://projectchiron.org/
https://www.ycombinator.com/companies/helixdb,HelixDB,"London, England, United Kingdom",The fastest & most scalable graph-vector database on the market,Spring 2025,B2B,"Engineering, Product and Design",https://helix-db.com/
https://www.ycombinator.com/companies/probo,Probo,SF,We help you get compliant while you focus on your business.,Spring 2025,B2B,Security,https://www.getprobo.com/
https://www.ycombinator.com/companies/clarm,Clarm,SF,Capture inbound revenue whilst you build,Spring 2025,B2B,Productivity,https://www.clarm.com/
https://www.ycombinator.com/companies/stratify,stratify,SF,AI agents that help you understand your customers' needs,Spring 2025,B2B,,https://www.trystratify.com/
https://www.ycombinator.com/companies/besimple-ai,Besimple AI,"Redwood City, CA, USA",Voice data for AI,Spring 2025,B2B,,https://besimple.ai/
https://www.ycombinator.com/companies/bramante-biologics,Bramante Biologics,"Cambridge, MA, USA",American drug manufacturing,Spring 2025,Healthcare,,https://www.bramantebio.com/
https://www.ycombinator.com/companies/nomi,Nomi,SF,Realtime Sales Copilot,Spring 2025,B2B,Sales,https://www.nomi.so/
https://www.ycombinator.com/companies/clidey,Clidey,SF,Model your organization. Run it in real time.,Spring 2025,B2B,,https://clidey.com/
https://www.ycombinator.com/companies/ticket-wallet,Ticket Wallet,,AI-optimized ticket resale,Spring 2025,B2B,,https://www.ticketwallet.com/
https://www.ycombinator.com/companies/the-llm-data-company,The LLM Data Company,SF,Frontier models for critical domains,Spring 2025,B2B,,https://www.llmdata.com/
https://www.ycombinator.com/companies/tegore,Tegore,SF,Your new AI-powered math tutor.,Spring 2025,Education,,https://tegore.ai/
https://www.ycombinator.com/companies/lapel,Lapel,,Scale personalized service to every customer.,Spring 2025,B2B,,https://lapel.com/
https://www.ycombinator.com/companies/chestnut,Chestnut,SF,The first AI mortgage lender,Spring 2025,Fintech,Credit and Lending,https://chestnutmortgage.com/
https://www.ycombinator.com/companies/kanava-ai,Kanava AI,SF,Your First AI Sales Hire for Wholesale Distributors,Spring 2025,B2B,Supply Chain and Logistics,https://kanava.ai/
https://www.ycombinator.com/companies/casco,Casco,,"Autonomous security testing for web apps, APIs, cloud, and AI systems",Spring 2025,B2B,Security,https://casco.com/
https://www.ycombinator.com/companies/theorem-2,Theorem,SF,Program verification so even your systems engineers can vibecode,Spring 2025,B2B,Security,https://theorem.dev/
https://www.ycombinator.com/companies/mbodi-ai,Mbodi AI,NYC,Industrial Robots that Act Like Humans,Spring 2025,Industrials,Manufacturing and Robotics,https://www.mbodi.ai/
https://www.ycombinator.com/companies/kaizen,Kaizen,,Automate anything on the web.,Spring 2025,B2B,,https://kaizenautomation.com/
https://www.ycombinator.com/companies/sieveai,sieve,NYC,AI + human review to solve data cleaning - accessible via API or Excel,Spring 2025,B2B,Finance and Accounting,https://usesieve.com/
https://www.ycombinator.com/companies/dolphin,Dolphin,NYC,Dolphin is a startup in a box.,Spring 2025,B2B,"Engineering, Product and Design",https://dolphinmade.com/
https://www.ycombinator.com/companies/the-robot-learning-company,The Robot Learning Company,SF,The infrastructure that robot intelligence is built and deployed on.,Spring 2025,Industrials,Manufacturing and Robotics,https://www.robot-learning.co/
https://www.ycombinator.com/companies/sixtyfour,Sixtyfour,SF,People Intelligence at Scale,Spring 2025,B2B,Operations,https://www.sixtyfour.ai/
https://www.ycombinator.com/companies/relixir,Relixir,SF,GEO-Native CMS,Spring 2025,B2B,,https://relixir.ai/
https://www.ycombinator.com/companies/bitpatrol,BitPatrol,NYC,AI-powered code security,Spring 2025,B2B,Security,https://www.bitpatrol.io/
https://www.ycombinator.com/companies/godela,Godela,SF,AI Physics Engine to replace simulations and prototypes,Spring 2025,B2B,"Engineering, Product and Design",http://godela.ai/
https://www.ycombinator.com/companies/starsling,StarSling,SF,Cursor for DevOps,Spring 2025,B2B,"Engineering, Product and Design",https://www.starsling.dev/
https://www.ycombinator.com/companies/kirana-ai,Kirana AI,NYC,AI manager for physical stores,Spring 2025,B2B,Retail,https://www.kirana-ai.com/
https://www.ycombinator.com/companies/hemut,Hemut,SF,AI-powered operating system for trucking companies.,Spring 2025,B2B,Supply Chain and Logistics,https://www.hemut.com/
https://www.ycombinator.com/companies/qualgent,QualGent,SF,AI Mobile App Quality Assurance Tester,Spring 2025,B2B,,https://qualgent.link/qualgent
https://www.ycombinator.com/companies/propolis,Propolis,,Hands off QA via intelligent browser agents.,Spring 2025,B2B,,https://propolis.tech/
https://www.ycombinator.com/companies/valuemate,ValueMate,,Valuemate automates real estate appraisals with AI,Spring 2025,B2B,,https://valuemate.ai/
https://www.ycombinator.com/companies/mindfort,MindFort,,Autonomous Security Agents,Spring 2025,B2B,Security,https://www.mindfort.ai/
https://www.ycombinator.com/companies/kaelio,Kaelio,,The intelligence layer for Customer Success,Spring 2025,B2B,,https://kaelio.com/
https://www.ycombinator.com/companies/cohesive,Cohesive,NYC,The agentic CRM for blue-collar services,Spring 2025,B2B,,https://getcohesiveai.com/
https://www.ycombinator.com/companies/acolite,Acolite,NYC,AI Teammates for Insurance Agencies,Spring 2025,Fintech,Insurance,https://acolite.ai/
https://www.ycombinator.com/companies/moby-analytics,Moby Analytics,"Paris, �le-de-France, France",AI financial auditors,Spring 2025,B2B,Finance and Accounting,https://www.mobyanalytics.com/
https://www.ycombinator.com/companies/chrt,chrt,,chrt is a logistics platform for time-critical shipping,Spring 2025,B2B,Supply Chain and Logistics,https://chrt.com/
https://www.ycombinator.com/companies/mesmer,Mesmer,SF,Cursor for CTOs,Spring 2025,B2B,"Engineering, Product and Design",https://mesmer.co/
https://www.ycombinator.com/companies/vesence,Vesence,,Cursor for Lawyers. Agentic AI in MS Office.,Spring 2025,B2B,Legal,https://vesence.com/
